,location_id,location_code,location_name_short_en,level,parent_id,1995,1996,1997,1998,1999,2000,2001,2002,2003,2004,2005,2006,2007,2008,2009,2010,2011,2012,2013,2014,2015,2016,2017,2018
0,0,ABW,Aruba,country,356.0,2170000000.0,2320000000.0,2370000000.0,2400000000.0,2580000000.0,2510000000.0,2420000000.0,2470000000.0,2670000000.0,2700000000.0,2730000000.0,2780000000.0,2770000000.0,2480000000.0,2390000000.0,2470000000.0,2440000000.0,2540000000.0,2550000000.0,2690000000.0,2750000000.0,2810000000.0,,
1,1,AFG,Afghanistan,country,353.0,16385000000.0,17560000000.0,18335000000.0,18750000000.0,19390000000.0,20105000000.0,7470000000.0,8119999999.999999,8240000000.0,9160000000.0,9660000000.0,11000000000.0,11400000000.0,13900000000.0,15900000000.0,15900000000.0,18000000000.0,19000000000.0,19500000000.0,19800000000.0,20200000000.0,20700000000.0,21000000000.0,21800000000.0
2,2,AGO,Angola,country,352.0,30600000000.0,32799999999.999996,34299999999.999996,35100000000.0,36200000000.0,37700000000.0,42800000000.0,44100000000.0,48900000000.0,56300000000.0,62800000000.0,71600000000.0,79600000000.0,80300000000.0,83800000000.0,86700000000.0,94100000000.0,98800000000.0,104000000000.0,105000000000.0,102000000000.0,102000000000.0,99600000000.0,99000000000.0
3,4,ALB,Albania,country,355.0,5920000000.0,5280000000.0,5740000000.0,6480000000.0,6930000000.0,7510000000.0,7850000000.0,8279999999.999999,8740000000.0,9220000000.0,9770000000.0,10400000000.0,11100000000.0,11500000000.0,11900000000.0,12200000000.0,12400000000.0,12500000000.0,12800000000.0,13000000000.0,13500000000.0,14000000000.0,14500000000.0,14900000000.0
4,5,AND,Andorra,country,355.0,2180000000.0,2370000000.0,2450000000.0,2550000000.0,2640000000.0,2850000000.0,2980000000.0,3240000000.0,3510000000.0,3700000000.0,3880000000.0,3940000000.0,3720000000.0,3520000000.0,3450000000.0,3450000000.0,3280000000.0,3160000000.0,3240000000.0,3290000000.0,3410000000.0,3420000000.0,3480000000.0,3550000000.0
5,7,ARE,United Arab Emirates,country,353.0,160000000000.0,173000000000.0,174000000000.0,179000000000.0,198000000000.0,201000000000.0,206000000000.0,224000000000.0,245000000000.0,257000000000.0,283000000000.0,292000000000.0,301000000000.0,285000000000.0,290000000000.0,310000000000.0,324000000000.0,340000000000.0,355000000000.0,373000000000.0,384000000000.0,393000000000.0,398000000000.0,405000000000.0
6,8,ARG,Argentina,country,357.0,282000000000.0,305000000000.0,316000000000.0,306000000000.0,303000000000.0,290000000000.0,258000000000.0,281000000000.0,306000000000.0,334000000000.0,360000000000.0,393000000000.0,409000000000.0,385000000000.0,424000000000.0,449000000000.0,444000000000.0,455000000000.0,444000000000.0,456000000000.0,446000000000.0,459000000000.0,447000000000.0,438000000000.0
7,9,ARM,Armenia,country,353.0,3550000000.0,3670000000.0,3940000000.0,4070000000.0000005,4310000000.0,4720000000.0,5340000000.0,6090000000.0,6730000000.0,7670000000.0,8680000000.0,9870000000.0,10500000000.0,9060000000.0,9260000000.0,9700000000.0,10400000000.0,10700000000.0,11100000000.0,11500000000.0,11500000000.0,12400000000.0,13000000000.0,14000000000.0
8,10,ASM,American Samoa,country,358.0,2185000000.0,2267500000.0,2423000000.0,2504500000.0,2654000000.0,2836000000.0,621000000.0,627000000.0,630000000.0,627000000.0,601000000.0,612000000.0,596000000.0,571000000.0,573000000.0,573000000.0,548000000.0,534000000.0,544000000.0,561000000.0,552000000.0,513000000.0,530000000.0,522000000.0
9,13,ATG,Antigua and Barbuda,country,356.0,820000000.0,865000000.0,906000000.0,939000000.0,998000000.0,952000000.0,962000000.0,1020000000.0,1080000000.0,1150000000.0,1300000000.0,1420000000.0,1420000000.0,1250000000.0,1150000000.0,1130000000.0,1160000000.0,1160000000.0,1200000000.0,1250000000.0,1320000000.0,1360000000.0,1450000000.0,1500000000.0
10,14,AUS,Australia,country,354.0,715000000000.0,744000000000.0,778000000000.0,817000000000.0,849000000000.0,866000000000.0,900000000000.0,927000000000.0,965000000000.0,996000000000.0,190650000000.0,197710000000.0,200710000000.0,193125000000.0,196575000000.0,202065000000.0,203580000000.0,203580000000.0,205100000000.0,207125000000.0,211160000000.0,216180000000.0,221725000000.0,225250000000.0
11,15,AUT,Austria,country,355.0,297000000000.0,303000000000.0,314000000000.0,326000000000.0,336000000000.0,341000000000.0,346000000000.0,350000000000.0,359000000000.0,367000000000.0,380000000000.0,394000000000.0,400000000000.0,385000000000.0,392000000000.0,403000000000.0,406000000000.0,406000000000.0,409000000000.0,413000000000.0,421000000000.0,431000000000.0,442000000000.0,449000000000.0
12,16,AZE,Azerbaijan,country,353.0,9620000000.0,10200000000.0,11200000000.0,12000000000.0,13400000000.0,14700000000.0,16100000000.000002,17700000000.0,19300000000.0,24700000000.0,33299999999.999996,41700000000.0,46200000000.0,50500000000.0,52900000000.0,52100000000.0,53200000000.0,56300000000.0,57900000000.0,58500000000.0,56700000000.0,56800000000.0,57700000000.0,59100000000.0
13,17,BDI,Burundi,country,352.0,1450000000.0,1420000000.0,1490000000.0,1470000000.0,1460000000.0,1490000000.0,1560000000.0,1540000000.0,1610000000.0,1630000000.0,1720000000.0,1780000000.0,1860000000.0,1930000000.0,2029999999.9999998,2109999999.9999998,2210000000.0,2320000000.0,2420000000.0,2320000000.0,2310000000.0,2320000000.0,2360000000.0,2400000000.0
14,18,BEL,Belgium,country,355.0,357000000000.0,371000000000.0,378000000000.0,391000000000.0,406000000000.0,410000000000.0,417000000000.0,422000000000.0,437000000000.0,447000000000.0,458000000000.0,475000000000.0,477000000000.0,468000000000.0,481000000000.0,489000000000.0,493000000000.0,495000000000.0,503000000000.0,513000000000.0,520000000000.0,528000000000.0,537000000000.0,547000000000.0
15,19,BEN,Benin,country,352.0,5320000000.0,5620000000.0,5850000000.0,6160000000.0,6520000000.0,6870000000.0,7190000000.0,7440000000.0,7760000000.0,7900000000.0,8210000000.000001,8700000000.0,9130000000.0,9340000000.0,9540000000.0,9820000000.0,10300000000.0,11000000000.0,11700000000.0,11900000000.0,12300000000.0,13000000000.0,13900000000.0,14900000000.0
16,21,BFA,Burkina Faso,country,352.0,4550000000.0,4840000000.0,5190000000.0,5580000000.0,5680000000.0,6060000000.0,6320000000.0,6810000000.0,7120000000.0,7740000000.0,8220000000.000001,8560000000.000001,9050000000.0,9320000000.0,10100000000.0,10800000000.0,11500000000.0,12100000000.0,12700000000.0,13200000000.0,13900000000.0,14800000000.0,15800000000.0,16700000000.0
17,22,BGD,Bangladesh,country,353.0,55300000000.0,57800000000.0,60800000000.0,63600000000.0,67000000000.0,70400000000.0,73100000000.0,76600000000.0,80600000000.0,85900000000.0,91600000000.0,98100000000.0,104000000000.0,109000000000.0,115000000000.0,123000000000.0,131000000000.0,139000000000.0,147000000000.0,157000000000.0,168000000000.0,180000000000.0,194000000000.0,210000000000.0
18,23,BGR,Bulgaria,country,355.0,37900000000.0,32500000000.0,33900000000.0,31100000000.0,32600000000.0,33799999999.999996,35800000000.0,37700000000.0,40100000000.0,42900000000.0,45900000000.0,48900000000.0,51900000000.0,50100000000.0,50400000000.0,51600000000.0,51800000000.0,51900000000.0,52900000000.0,55000000000.0,57100000000.0,59100000000.0,60900000000.0,63200000000.0
19,24,BHR,Bahrain,country,353.0,12900000000.0,13300000000.0,13900000000.0,14500000000.0,15300000000.0,15600000000.0,16200000000.0,17200000000.0,18400000000.0,19600000000.0,20900000000.0,22600000000.0,24000000000.0,24600000000.0,25700000000.0,26200000000.0,27200000000.0,28700000000.0,29900000000.0,30700000000.0,31800000000.0,33100000000.0,33700000000.000004,34400000000.0
20,25,BHS,Bahamas,country,356.0,7890000000.0,8430000000.0,8050000000.000001,9030000000.0,9410000000.0,9660000000.0,9920000000.0,9790000000.0,9880000000.0,10200000000.0,10500000000.0,10600000000.0,10400000000.0,9940000000.0,10100000000.0,10200000000.0,10500000000.0,10200000000.0,10300000000.0,10300000000.0,10500000000.0,10800000000.0,11100000000.0,11300000000.0
21,26,BIH,Bosnia and Herzegovina,country,355.0,6300000000.0,8460000000.000001,9780000000.0,10700000000.0,11300000000.0,11800000000.0,12400000000.0,12900000000.0,13700000000.0,14900000000.0,15700000000.0,16700000000.0,17600000000.0,17000000000.0,17200000000.0,17300000000.0,17200000000.0,17600000000.0,17800000000.0,18400000000.0,18900000000.0,19500000000.0,20300000000.0,20800000000.0
22,28,BLR,Belarus,country,355.0,21200000000.0,23600000000.0,25600000000.0,26500000000.0,28000000000.0,29400000000.0,30800000000.0,33000000000.0,36800000000.0,40200000000.0,44300000000.0,48100000000.0,53000000000.0,53100000000.0,57200000000.0,60300000000.0,61300000000.0,61900000000.0,63000000000.0,60600000000.0,59100000000.0,60600000000.0,62500000000.0,63300000000.0
23,29,BLZ,Belize,country,356.0,724000000.0,749000000.0,777000000.0,845000000.0,956000000.0,1000000000.0,1050000000.0,1150000000.0,1200000000.0,1220000000.0,1280000000.0,1290000000.0,1330000000.0,1340000000.0,1380000000.0,1400000000.0,1440000000.0,1460000000.0,1520000000.0,1550000000.0,1550000000.0,1580000000.0,1630000000.0,1660000000.0
24,30,BMU,Bermuda,country,356.0,4830000000.0,5050000000.0,5240000000.0,5420000000.0,5930000000.0,6360000000.0,6260000000.0,6480000000.0,6630000000.0,6740000000.0,7110000000.0,7350000000.0,7210000000.0,6800000000.0,6630000000.0,6390000000.0,6050000000.0,6030000000.0,5810000000.0,5850000000.0,5810000000.0,6020000000.0,6000000000.0,6030000000.0
25,31,BOL,Bolivia,country,357.0,11900000000.0,12500000000.0,13100000000.0,13200000000.0,13500000000.0,13700000000.0,14000000000.0,14400000000.0,15000000000.0,15700000000.0,16399999999.999998,17200000000.0,18300000000.0,18900000000.0,19600000000.0,20700000000.0,21700000000.0,23200000000.0,24500000000.0,25700000000.0,26800000000.0,27900000000.0,29100000000.0,29700000000.0
26,32,BRA,Brazil,country,357.0,7805000000.0,8195000000.0,8565000000.0,8625000000.0,8865000000.0,8915000000.0,9080000000.0,9325000000.0,9655000000.0,10090000000.0,10575000000.0,11025000000.0,11590000000.0,11770000000.0,12065000000.0,12600000000.0,13090000000.0,13810000000.0,14455000000.0,15110000000.0,15715000000.0,16275000000.0,16865000000.0,17160000000.0
27,33,BRB,Barbados,country,356.0,3710000000.0,3890000000.0,4030000000.0000005,4050000000.0,4230000000.0000005,4130000000.0,4160000000.0,4250000000.0,4310000000.0,4480000000.0,4750000000.0,4850000000.0,4880000000.0,4640000000.0,4530000000.0,4500000000.0,4480000000.0,4420000000.0,4410000000.0,4520000000.0,4630000000.0,4650000000.0,4630000000.0,4620000000.0
28,35,BTN,Bhutan,country,353.0,531000000.0,560000000.0,593000000.0,640000000.0,662000000.0,717000000.0,796000000.0,858000000.0,910000000.0,976000000.0,1040000000.0,1240000000.0,1300000000.0,1380000000.0,1550000000.0,1670000000.0,1760000000.0,1790000000.0,1900000000.0,2020000000.0,2190000000.0,2290000000.0,2360000000.0,2490000000.0
29,37,BWA,Botswana,country,352.0,7040000000.0,7620000000.0,7660000000.0,8400000000.0,8560000000.000001,8580000000.0,9110000000.0,9530000000.0,9790000000.0,10200000000.0,11100000000.0,12000000000.0,12800000000.0,11800000000.0,12800000000.0,13600000000.0,14200000000.0,15800000000.0,16399999999.999998,16100000000.000002,16800000000.0,17300000000.0,18100000000.0,18700000000.0
30,38,CAF,Central African Republic,country,352.0,1380000000.0,1460000000.0,1520000000.0,1580000000.0,1540000000.0,1610000000.0,1670000000.0,1580000000.0,1670000000.0,1690000000.0,1770000000.0,1850000000.0,1890000000.0,2049999999.9999998,2140000000.0000002,2230000000.0,2350000000.0,1490000000.0,1490000000.0,1560000000.0,1630000000.0,1710000000.0,1770000000.0,1820000000.0
31,39,CAN,Canada,country,356.0,224690000000.0,229730000000.0,237260000000.0,241290000000.0,250770000000.0,254805000000.0,254835000000.0,254790000000.0,261835000000.0,269345000000.0,279885000000.0,291425000000.0,299445000000.0,293025000000.0,302570000000.0,308615000000.0,312675000000.0,317745000000.0,325245000000.0,330780000000.0,337815000000.0,342855000000.0,353385000000.0,357410000000.0
32,41,CHE,Switzerland,country,355.0,448000000000.0,458000000000.0,473000000000.0,481000000000.0,500000000000.0,508000000000.0,508000000000.0,508000000000.0,522000000000.0,537000000000.0,558000000000.0,581000000000.0,597000000000.0,584000000000.0,603000000000.0,615000000000.0,623000000000.0,634000000000.0,649000000000.0,660000000000.0,674000000000.0,684000000000.0,705000000000.0,713000000000.0
33,42,CHL,Chile,country,357.0,123000000000.0,132000000000.0,138000000000.0,137000000000.0,145000000000.0,149000000000.0,154000000000.0,160000000000.0,172000000000.0,182000000000.0,193000000000.0,203000000000.0,210000000000.0,206000000000.0,219000000000.0,232000000000.0,244000000000.0,254000000000.0,259000000000.0,265000000000.0,269000000000.0,272000000000.0,282000000000.0,285000000000.0
34,43,CHN,China,country,353.0,71800000000.0,76700000000.0,80200000000.0,79900000000.0,83650000000.0,85650000000.0,88000000000.0,90850000000.0,96950000000.0,102150000000.0,107850000000.0,113050000000.0,116800000000.0,115200000000.0,121950000000.0,127900000000.0,135200000000.0,141350000000.0,145100000000.0,149500000000.0,152700000000.0,155550000000.0,161900000000.0,164700000000.0
35,45,CMR,Cameroon,country,352.0,15000000000.0,15800000000.0,16500000000.0,17200000000.0,17800000000.0,18600000000.0,19400000000.0,20200000000.0,21600000000.0,22000000000.0,22800000000.0,23900000000.0,24800000000.0,25300000000.0,26200000000.0,27200000000.0,28500000000.0,30000000000.0,31800000000.0,33600000000.0,35200000000.0,36400000000.0,37900000000.0,39300000000.0
36,49,COL,Colombia,country,357.0,188000000000.0,194000000000.0,195000000000.0,187000000000.0,193000000000.0,196000000000.0,201000000000.0,209000000000.0,220000000000.0,230000000000.0,246000000000.0,263000000000.0,271000000000.0,274000000000.0,287000000000.0,306000000000.0,318000000000.0,335000000000.0,350000000000.0,360000000000.0,368000000000.0,373000000000.0,382000000000.0,395000000000.0
37,50,COM,Comoros,country,352.0,590000000.0,614000000.0,622000000.0,634000000.0,703000000.0,719000000.0,736000000.0,752000000.0,766000000.0,788000000.0,809000000.0,815000000.0,848000000.0,875000000.0,908000000.0,945000000.0,975000000.0,1020000000.0,1040000000.0,1050000000.0,1090000000.0,1130000000.0,1170000000.0,1190000000.0
38,52,CRI,Costa Rica,country,356.0,20000000000.0,21100000000.0,22600000000.0,23500000000.0,24500000000.0,25300000000.0,26200000000.0,27300000000.0,28500000000.0,29600000000.0,31800000000.0,34400000000.0,36100000000.0,35700000000.0,37700000000.0,39300000000.0,41200000000.0,42300000000.0,43800000000.0,45400000000.0,47300000000.0,49200000000.0,50200000000.0,51300000000.0
39,54,CUB,Cuba,country,356.0,33400000000.0,34400000000.0,34400000000.0,36600000000.0,38700000000.0,40000000000.0,40500000000.0,42100000000.0,44500000000.0,49500000000.0,55500000000.0,59500000000.0,61900000000.0,62800000000.0,64300000000.0,66099999999.99999,68099999999.99999,70000000000.0,70700000000.0,73900000000.0,74200000000.0,75600000000.0,77300000000.0,77100000000.0
40,57,CYM,Cayman Islands,country,356.0,24350000000.0,25050000000.0,25500000000.0,27050000000.0,28600000000.0,29650000000.0,30250000000.0,31300000000.0,33000000000.0,36050000000.0,4480000000.0,4620000000.0,4600000000.0,4269999999.9999995,4160000000.0,4210000000.0,4260000000.0,4310000000.0,4430000000.0,4550000000.0,4700000000.0,4850000000.0,5050000000.0,5240000000.0
41,58,CYP,Cyprus,country,353.0,15300000000.0,15700000000.0,16600000000.000002,17500000000.0,18500000000.0,19300000000.0,20000000000.0,20500000000.0,21500000000.0,22600000000.0,23600000000.0,24800000000.0,25700000000.0,25200000000.0,25700000000.0,25800000000.0,24900000000.0,23300000000.0,22900000000.0,23600000000.0,25100000000.0,26400000000.0,27800000000.0,28700000000.0
42,59,CZE,Czech Republic,country,355.0,146000000000.0,145000000000.0,145000000000.0,147000000000.0,153000000000.0,157000000000.0,160000000000.0,166000000000.0,174000000000.0,185000000000.0,197000000000.0,208000000000.0,214000000000.0,204000000000.0,209000000000.0,213000000000.0,211000000000.0,211000000000.0,216000000000.0,227000000000.0,233000000000.0,245000000000.0,253000000000.0,259000000000.0
43,61,DEU,Germany,country,355.0,97452333333.33334,96788333333.33334,96792666666.66666,98126666666.66666,102129666666.66666,104796000000.0,106792333333.33334,110800333333.33334,116138000000.0,123472000000.0,131478666666.66666,138821000000.0,142832000000.0,136163666666.66666,105065000000.0,142164333333.3333,140829333333.3333,140827666666.6667,144168000000.0,151497000000.0,155501000000.0,163489666666.6667,168826666666.6667,172832000000.0
44,62,DJI,Djibouti,country,352.0,48904666666.66667,48576666666.66667,48585333333.33333,49253333333.33333,51259333333.33333,52592000000.0,53584666666.66667,55600666666.66667,58276000000.0,61944000000.0,65957333333.33333,69642000000.0,71664000000.0,68327333333.33333,1130000000.0,71328666666.66666,70658666666.66666,70655333333.33334,72336000000.0,75994000000.0,78002000000.0,81979333333.33334,84653333333.33334,86664000000.0
45,63,DMA,Dominica,country,356.0,357000000.0,365000000.0,378000000.0,380000000.0,389000000.0,388000000.0,377000000.0,401000000.0,414000000.0,416000000.0,436000000.0,463000000.0,496000000.0,491000000.0,494000000.0,493000000.0,488000000.0,483000000.0,504000000.0,491000000.0,503000000.0,469000000.0,480000000.0,496000000.0
46,64,DNK,Denmark,country,355.0,265000000000.0,273000000000.0,279000000000.0,287000000000.0,298000000000.0,301000000000.0,302000000000.0,303000000000.0,311000000000.0,319000000000.0,331000000000.0,334000000000.0,332000000000.0,316000000000.0,322000000000.0,326000000000.0,327000000000.0,330000000000.0,335000000000.0,343000000000.0,354000000000.0,364000000000.0,372000000000.0,383000000000.0
47,65,DOM,Dominican Republic,country,356.0,26600000000.0,29000000000.0,31000000000.0,32799999999.999996,34299999999.999996,35200000000.0,36700000000.0,36300000000.0,37200000000.0,40700000000.0,44400000000.0,47700000000.0,49200000000.0,49700000000.0,53900000000.0,55500000000.0,57100000000.0,59800000000.0,64099999999.99999,68500000000.0,73100000000.0,76500000000.0,81800000000.0,85900000000.0
48,66,DZA,Algeria,country,352.0,97000000000.0,98100000000.0,103000000000.0,106000000000.0,110000000000.0,114000000000.0,120000000000.0,129000000000.0,134000000000.0,142000000000.0,145000000000.0,150000000000.0,153000000000.0,156000000000.0,161000000000.0,166000000000.0,172000000000.0,176000000000.0,183000000000.0,190000000000.0,196000000000.0,198000000000.0,201000000000.0,202000000000.0
49,67,ECU,Ecuador,country,357.0,44800000000.0,46700000000.0,48200000000.0,46000000000.0,46500000000.0,48300000000.0,50300000000.0,51700000000.0,55900000000.0,58900000000.0,61500000000.0,62800000000.0,66800000000.0,67200000000.0,69600000000.0,75000000000.0,79300000000.0,83200000000.0,86300000000.0,86400000000.0,85400000000.0,87400000000.0,88500000000.0,88500000000.0
50,68,EGY,Egypt,country,352.0,109000000000.0,115000000000.0,121000000000.0,128000000000.0,136000000000.0,141000000000.0,145000000000.0,149000000000.0,155000000000.0,162000000000.0,173000000000.0,186000000000.0,199000000000.0,208000000000.0,219000000000.0,223000000000.0,228000000000.0,233000000000.0,240000000000.0,250000000000.0,261000000000.0,272000000000.0,286000000000.0,302000000000.0
51,69,ERI,Eritrea,country,352.0,1370000000.0,1480000000.0,1500000000.0,1500000000.0,1460000000.0,1580000000.0,1630000000.0,1590000000.0,1610000000.0,1650000000.0,1640000000.0,1660000000.0,1500000000.0,1560000000.0,1590000000.0,1730000000.0,159266666666.6667,162700000000.0,167600000000.0,174400000000.0,181966666666.6667,189733333333.3333,199433333333.3333,210533333333.3333
52,71,ESP,Spain,country,355.0,968000000000.0,6890000000.0,7150000000.0,7150000000.0,7780000000.0,8240000000.0,8765000000.0,9345000000.0,9955000000.0,10825000000.0,11770000000.0,12630000000.0,11950000000.0,10380000000.0,10645000000.0,11415000000.0,90533333333.33334,92400000000.0,95200000000.0,98800000000.0,102933333333.33334,107466666666.66666,112866666666.66666,119066666666.66666
53,72,EST,Estonia,country,355.0,10900000000.0,12300000000.0,12800000000.0,12800000000.0,14100000000.0,14900000000.0,15900000000.0,17100000000.000002,18300000000.0,20000000000.0,21900000000.0,23600000000.0,22400000000.0,19200000000.0,19700000000.0,21100000000.0,21800000000.0,22100000000.0,22800000000.0,23200000000.0,23900000000.0,25200000000.0,26300000000.0,27600000000.0
54,73,ETH,Ethiopia,country,352.0,11800000000.0,12100000000.0,11700000000.0,12300000000.0,13100000000.0,14200000000.0,14400000000.0,14100000000.0,16000000000.0,17900000000.0,19800000000.0,22100000000.0,24400000000.0,26600000000.0,29900000000.0,33299999999.999996,36200000000.0,40000000000.0,44100000000.0,48700000000.0,53300000000.0,58400000000.0,62300000000.0,67500000000.0
55,74,FIN,Finland,country,355.0,169000000000.0,180000000000.0,189000000000.0,198000000000.0,209000000000.0,215000000000.0,218000000000.0,223000000000.0,232000000000.0,238000000000.0,248000000000.0,261000000000.0,263000000000.0,241000000000.0,249000000000.0,256000000000.0,252000000000.0,250000000000.0,249000000000.0,250000000000.0,257000000000.0,265000000000.0,269000000000.0,272000000000.0
56,75,FJI,Fiji,country,354.0,2540000000.0,2480000000.0,2510000000.0,2740000000.0,2690000000.0,2740000000.0,2830000000.0,2860000000.0,3010000000.0,3030000000.0,3090000000.0,3060000000.0,3090000000.0,3050000000.0,3140000000.0,3230000000.0,3270000000.0,3430000000.0,3620000000.0,3780000000.0,3870000000.0,4080000000.0,4240000000.0,4219999999.9999995
57,77,FRA,France,country,355.0,1787666666.6666665,1742000000.0,1764666666.6666665,1919000000.0,1890333333.3333335,1925666666.6666665,1986333333.3333335,2007666666.6666665,2104666666.6666665,2120000000.0,2160000000.0,2138000000.0,2155666666.6666665,2130000000.0,2730000000.0,2255333333.3333335,2280333333.3333335,2383333333.3333335,2507666666.666667,2618666666.666667,2679666666.666667,2822333333.333333,2929000000.0,2917000000.0
58,80,GAB,Gabon,country,352.0,12800000000.0,13500000000.0,14000000000.0,12700000000.0,12500000000.0,12800000000.0,12700000000.0,13000000000.0,13100000000.0,13500000000.0,13100000000.0,13900000000.0,13400000000.0,13400000000.0,14400000000.0,15400000000.0,16200000000.0,17100000000.000002,17900000000.0,18500000000.0,18900000000.0,19000000000.0,19200000000.0,19900000000.0
59,81,GBR,United Kingdom,country,355.0,3975000000.0,4370000000.0,4640000000.0,4930000000.0,5075000000.0,5330000000.0,5635000000.0,6160000000.0,6505000000.0,7050000000.0,7685000000.0,8525000000.0,8805000000.0,8615000000.0,9060000000.0,9570000000.0,10240000000.0,10625000000.0,11100000000.0,11335000000.0,11780000000.0,12285000000.0,12775000000.0,18966666666.666668
60,82,GEO,Georgia,country,353.0,5580000000.0,6170000000.0,6360000000.0,6540000000.0,6660000000.0,6980000000.0,7360000000.0,8180000000.0,8650000000.0,9480000000.0,10400000000.0,11700000000.0,12000000000.0,11500000000.0,12200000000.0,13100000000.0,14000000000.0,14500000000.0,15100000000.0,15600000000.0,16000000000.0,16800000000.0,17600000000.0,18500000000.0
61,83,GHA,Ghana,country,352.0,15600000000.0,16200000000.0,17000000000.0,17700000000.0,18400000000.0,19100000000.0,20000000000.0,21000000000.0,22200000000.0,23500000000.0,25000000000.0,26100000000.0,28500000000.0,29800000000.0,32200000000.000004,36700000000.0,40100000000.0,43100000000.0,44300000000.0,45200000000.0,46800000000.0,50600000000.0,53700000000.0,57200000000.0
62,85,GIN,Guinea,country,352.0,4350000000.0,4580000000.0,4750000000.0,4930000000.0,5050000000.0,5230000000.0,5510000000.0,5570000000.0,5700000000.0,5880000000.0,5950000000.0,6350000000.0,6610000000.0,6540000000.0,6850000000.0,7240000000.0,7670000000.0,7970000000.0,8260000000.0,8580000000.0,9510000000.0,10500000000.0,11200000000.0,11800000000.0
63,87,GMB,Gambia,country,352.0,900000000.0,944000000.0,977000000.0,1040000000.0,1100000000.0,1160000000.0,1120000000.0,1200000000.0,1280000000.0,1250000000.0,1250000000.0,1290000000.0,1370000000.0,1460000000.0,1540000000.0,1420000000.0,1490000000.0,1530000000.0,1510000000.0,1570000000.0,1610000000.0,1680000000.0,1800000000.0,1910000000.0
64,88,GNB,Guinea-Bissau,country,352.0,811000000.0,863000000.0,621000000.0,627000000.0,661000000.0,676000000.0,669000000.0,673000000.0,691000000.0,721000000.0,737000000.0,762000000.0,786000000.0,812000000.0,850000000.0,919000000.0,903000000.0,932000000.0,941000000.0,999000000.0,1060000000.0,1120000000.0,1140000000.0,1190000000.0
65,89,GNQ,Equatorial Guinea,country,352.0,734000000.0,1830000000.0,2270000000.0,2850000000.0,3370000000.0,5510000000.0,6580000000.0,7500000000.0,10400000000.0,12100000000.0,13000000000.0,15000000000.0,17700000000.0,17900000000.0,16300000000.0,17400000000.0,18800000000.0,18000000000.0,18100000000.0,16500000000.0,15000000000.0,14200000000.0,13300000000.0,12500000000.0
66,90,GRC,Greece,country,355.0,214000000000.0,224000000000.0,233000000000.0,240000000000.0,249000000000.0,260000000000.0,270000000000.0,286000000000.0,300000000000.0,302000000000.0,319000000000.0,329000000000.0,328000000000.0,314000000000.0,297000000000.0,267000000000.0,248000000000.0,241000000000.0,243000000000.0,242000000000.0,241000000000.0,244000000000.0,247000000000.0,252000000000.0
67,91,GRD,Grenada,country,356.0,491000000.0,516000000.0,576000000.0,616000000.0,646000000.0,633000000.0,655000000.0,717000000.0,712000000.0,807000000.0,775000000.0,822000000.0,830000000.0,775000000.0,771000000.0,777000000.0,768000000.0,786000000.0,844000000.0,898000000.0,932000000.0,973000000.0,1010000000.0,1030000000.0
68,92,GRL,Greenland,country,356.0,1520000000.0,1550000000.0,1670000000.0,1690000000.0,1810000000.0,1830000000.0,1810000000.0,1890000000.0,2029999999.9999998,2130000000.0,2240000000.0,2300000000.0,2440000000.0,2460000000.0,2500000000.0,2490000000.0,2530000000.0,2490000000.0,2610000000.0,2540000000.0,2660000000.0,2680000000.0,2760000000.0,28465000000.0
69,93,GTM,Guatemala,country,356.0,24800000000.0,25900000000.0,27200000000.0,28300000000.0,29300000000.0,30000000000.0,31100000000.0,31900000000.0,32900000000.0,34000000000.0,35800000000.0,38100000000.0,39300000000.0,39500000000.0,40700000000.0,42400000000.0,43600000000.0,45200000000.0,47300000000.0,49200000000.0,50500000000.0,52100000000.0,53800000000.0,55900000000.0
70,95,GUM,Guam,country,354.0,13680000000.0,14310000000.0,14940000000.0,15525000000.0,16010000000.0,16390000000.0,4370000000.0,4410000000.0,4700000000.0,4870000000.0,4690000000.0,4720000000.0,4820000000.0,4840000000.0,4950000000.0,4950000000.0,5060000000.0,5140000000.0,5240000000.0,5280000000.0,5290000000.0,5340000000.0,5290000000.0,5390000000.0
71,96,GUY,Guyana,country,357.0,2560000000.0,2720000000.0,2680000000.0,2750000000.0,2720000000.0,2780000000.0,2810000000.0,2790000000.0,2840000000.0,2780000000.0,2920000000.0,3130000000.0,3180000000.0,3310000000.0,3430000000.0,3620000000.0,3810000000.0,3950000000.0,4019999999.9999995,4040000000.0,4200000000.0,4360000000.0,4550000000.0,4790000000.0
72,99,HND,Honduras,country,356.0,9160000000.0,9580000000.0,9920000000.0,9850000000.0,10600000000.0,10900000000.0,11300000000.0,11800000000.0,12500000000.0,13300000000.0,14100000000.0,15000000000.0,15700000000.0,15300000000.0,15800000000.0,16399999999.999998,17100000000.000002,17600000000.0,18100000000.0,18800000000.0,19600000000.0,20500000000.0,21300000000.0,21900000000.0
73,100,HRV,Croatia,country,355.0,42200000000.0,44800000000.0,45800000000.0,45400000000.0,46700000000.0,48100000000.0,50800000000.0,53700000000.0,55900000000.0,58300000000.0,61200000000.0,64300000000.0,65500000000.0,60700000000.0,59900000000.0,59800000000.0,58400000000.0,58100000000.0,57900000000.0,59300000000.0,61400000000.0,63500000000.0,65300000000.0,67200000000.0
74,101,HTI,Haiti,country,356.0,8950000000.0,9200000000.0,9400000000.0,9650000000.0,9740000000.0,9700000000.0,9790000000.0,10100000000.0,10000000000.0,10400000000.0,10500000000.0,11100000000.0,11400000000.0,12100000000.0,11700000000.0,12400000000.0,12400000000.0,12800000000.0,13300000000.0,13500000000.0,13700000000.0,14000000000.0,14300000000.0,14000000000.0
75,102,HUN,Hungary,country,355.0,92700000000.0,95600000000.0,99400000000.0,102000000000.0,107000000000.0,111000000000.0,117000000000.0,121000000000.0,127000000000.0,133000000000.0,138000000000.0,138000000000.0,140000000000.0,130000000000.0,132000000000.0,134000000000.0,133000000000.0,135000000000.0,141000000000.0,146000000000.0,149000000000.0,156000000000.0,164000000000.0,172000000000.0
76,103,IDN,Indonesia,country,353.0,471000000000.0,494000000000.0,429000000000.0,432000000000.0,453000000000.0,470000000000.0,491000000000.0,515000000000.0,540000000000.0,571000000000.0,603000000000.0,641000000000.0,679000000000.0,711000000000.0,755000000000.0,802000000000.0,850000000000.0,897000000000.0,942000000000.0,988000000000.0,204000000000.0,218333333333.33334,233333333333.3333,245666666666.6667
77,104,IND,India,country,353.0,699000000000.0,728000000000.0,773000000000.0,841000000000.0,873000000000.0,915000000000.0,950000000000.0,354000000000.0,373000000000.0,394500000000.0,415500000000.0,441000000000.0,454500000000.0,464500000000.0,488500000000.0,512500000000.0,537000000000.0,561500000000.0,594000000000.0,648000000000.0,259000000000.0,280666666666.6667,302666666666.6666,319333333333.3334
78,106,IRL,Ireland,country,355.0,115000000000.0,128000000000.0,139000000000.0,153000000000.0,168000000000.0,177000000000.0,187000000000.0,193000000000.0,206000000000.0,218000000000.0,228000000000.0,241000000000.0,230000000000.0,218000000000.0,222000000000.0,223000000000.0,224000000000.0,226000000000.0,246000000000.0,308000000000.0,314000000000.0,343000000000.0,372000000000.0,393000000000.0
79,107,IRN,Iran,country,353.0,288000000000.0,289000000000.0,296000000000.0,298000000000.0,316000000000.0,318000000000.0,342000000000.0,371000000000.0,388000000000.0,400000000000.0,420000000000.0,454000000000.0,456000000000.0,460000000000.0,487000000000.0,500000000000.0,462000000000.0,462000000000.0,483000000000.0,476000000000.0,540000000000.0,561000000000.0,527000000000.0,491000000000.0
80,108,IRQ,Iraq,country,353.0,52100000000.0,63200000000.0,85200000000.0,100000000000.0,117000000000.0,119000000000.0,109000000000.0,69300000000.0,106000000000.0,108000000000.0,114000000000.0,116000000000.0,126000000000.0,130000000000.0,139000000000.0,149000000000.0,170000000000.0,183000000000.0,183000000000.0,192000000000.0,218000000000.0,214000000000.0,212000000000.0,221000000000.0
81,109,ISL,Iceland,country,355.0,8580000000.0,9070000000.0,9740000000.0,10100000000.0,10600000000.0,11100000000.0,11100000000.0,11400000000.0,12300000000.0,13000000000.0,13800000000.0,15000000000.0,15300000000.0,14200000000.0,13800000000.0,14000000000.0,14200000000.0,14800000000.0,15000000000.0,15700000000.0,16700000000.0,17400000000.0,18200000000.0,18700000000.0
82,110,ISR,Israel,country,353.0,146000000000.0,151000000000.0,157000000000.0,162000000000.0,174000000000.0,174000000000.0,175000000000.0,176000000000.0,184000000000.0,191000000000.0,202000000000.0,213000000000.0,220000000000.0,222000000000.0,234000000000.0,245000000000.0,251000000000.0,261000000000.0,272000000000.0,278000000000.0,288000000000.0,298000000000.0,309000000000.0,319000000000.0
83,111,ITA,Italy,country,355.0,79300000000.0,81700000000.0,84550000000.0,87150000000.0,93200000000.0,93250000000.0,93900000000.0,94650000000.0,98700000000.0,102250000000.0,107950000000.0,113550000000.0,117000000000.0,117700000000.0,123600000000.0,129200000000.0,132200000000.0,137200000000.0,142750000000.0,145850000000.0,150900000000.0,156000000000.0,161600000000.0,166700000000.0
84,112,JAM,Jamaica,country,356.0,12600000000.0,12400000000.0,12100000000.0,12300000000.0,12400000000.0,12500000000.0,12800000000.0,13300000000.0,13400000000.0,13500000000.0,13900000000.0,14100000000.0,14000000000.0,13400000000.0,13200000000.0,13400000000.0,13400000000.0,13400000000.0,13500000000.0,13700000000.0,13800000000.0,14000000000.0,14200000000.0,14400000000.0
85,113,JOR,Jordan,country,353.0,12900000000.0,13300000000.0,13700000000.0,14200000000.0,14800000000.0,15600000000.0,16500000000.0,17200000000.0,18600000000.0,20100000000.0,21800000000.0,23500000000.0,25300000000.0,26500000000.0,27100000000.0,27900000000.0,28600000000.0,29300000000.0,30300000000.0,31000000000.0,31700000000.0,32299999999.999996,33000000000.0,33600000000.0
86,114,JPN,Japan,country,353.0,36150000000.0,36850000000.0,36500000000.0,37550000000.0,40850000000.0,45750000000.0,49900000000.0,54150000000.0,59200000000.0,64550000000.0,71400000000.0,77750000000.0,80650000000.0,82250000000.0,87550000000.0,93450000000.0,97800000000.0,103150000000.0,107150000000.0,108500000000.0,109850000000.0,114150000000.0,118500000000.0,123300000000.0
87,115,KAZ,Kazakhstan,country,353.0,59400000000.0,60400000000.0,59300000000.0,60900000000.0,66900000000.00001,75900000000.0,83300000000.0,91100000000.0,99800000000.0,109000000000.0,121000000000.0,132000000000.0,136000000000.0,138000000000.0,148000000000.0,159000000000.0,167000000000.0,177000000000.0,184000000000.0,186000000000.0,188000000000.0,196000000000.0,204000000000.0,213000000000.0
88,116,KEN,Kenya,country,352.0,24500000000.0,24600000000.0,25500000000.0,26000000000.0,26200000000.0,27200000000.0,27300000000.0,28100000000.0,29600000000.0,31300000000.0,33299999999.999996,35600000000.0,35700000000.0,36900000000.0,40000000000.0,42400000000.0,44400000000.0,47000000000.0,49500000000.0,52300000000.0,55400000000.0,58100000000.0,61700000000.0,65099999999.99999
89,118,KHM,Cambodia,country,353.0,3860000000.0,4010000000.0,4200000000.0,4730000000.0,5210000000.0,5630000000.0,6000000000.0,6510000000.0,7190000000.0,8140000000.000001,9010000000.0,9940000000.0,10600000000.0,10600000000.0,11200000000.0,12000000000.0,12900000000.0,13900000000.0,14900000000.0,15900000000.0,17000000000.0,18200000000.0,19500000000.0,20900000000.0
90,119,KIR,Kiribati,country,354.0,128000000.0,130000000.0,139000000.0,137000000.0,145000000.0,143000000.0,149000000.0,152000000.0,149000000.0,157000000.0,156000000.0,160000000.0,156000000.0,158000000.0,156000000.0,159000000.0,166000000.0,173000000.0,172000000.0,190000000.0,200000000.0,201000000.0,206000000.0,211000000.0
91,121,KOR,South Korea,country,353.0,592000000000.0,628000000000.0,596000000000.0,664000000000.0,725000000000.0,760000000000.0,818000000000.0,844000000000.0,888000000000.0,926000000000.0,975000000000.0,2940500000.0,3123500000.0,3207500000.0,3300000000.0,3432000000.0,3508500000.0,3639000000.0,3704000000.0,3843000000.0,3990500000.0,4131500000.0,4289000000.0,4488500000.0
92,122,KWT,Kuwait,country,353.0,67500000000.0,69200000000.0,71700000000.0,70500000000.0,73800000000.0,73900000000.0,76100000000.0,89300000000.0,98500000000.0,109000000000.0,117000000000.0,124000000000.0,127000000000.0,118000000000.0,115000000000.0,127000000000.0,135000000000.0,136000000000.0,137000000000.0,138000000000.0,142000000000.0,135000000000.0,137000000000.0,138000000000.0
93,124,LBN,Lebanon,country,353.0,20800000000.0,21000000000.0,21800000000.0,21700000000.0,22000000000.0,22800000000.0,23600000000.0,24400000000.0,26000000000.0,26700000000.0,27100000000.0,29600000000.0,32299999999.999996,35600000000.0,38400000000.0,38800000000.0,39800000000.0,41300000000.0,42300000000.0,42400000000.0,43000000000.0,43400000000.0,42600000000.0,39700000000.0
94,125,LBR,Liberia,country,352.0,14243333333.333332,14376666666.666668,14933333333.333332,34000000000.0,1750000000.0,1800000000.0,1870000000.0,1310000000.0,1340000000.0,1410000000.0,1520000000.0,1670000000.0,1790000000.0,1880000000.0,2000000000.0,2160000000.0,2330000000.0,2540000000.0,2560000000.0,2560000000.0,2510000000.0,2580000000.0,2610000000.0,2550000000.0
95,126,LBY,Libya,country,352.0,7686666666.666666,7753333333.333334,8066666666.666666,46300000000.0,48000000000.0,47200000000.0,46700000000.0,52800000000.0,55200000000.0,61700000000.0,65700000000.0,69900000000.0,71800000000.0,71200000000.0,74800000000.0,28400000000.0,63300000000.0,54700000000.0,41500000000.0,37900000000.0,36800000000.0,46600000000.0,53700000000.0,55000000000.0
96,128,LKA,Sri Lanka,country,353.0,27800000000.0,29600000000.0,31000000000.0,32299999999.999996,34299999999.999996,33700000000.000004,35100000000.0,37200000000.0,39200000000.0,41600000000.0,44800000000.0,47900000000.0,50700000000.0,52500000000.0,56700000000.0,61500000000.0,67099999999.99999,69400000000.0,72800000000.0,76500000000.0,79900000000.0,82800000000.0,85500000000.0,87400000000.0
97,129,LSO,Lesotho,country,352.0,1490000000.0,1540000000.0,1570000000.0,1570000000.0,1630000000.0,1690000000.0,1710000000.0,1780000000.0,1810000000.0,1880000000.0,1960000000.0,2040000000.0,2150000000.0,2120000000.0,2230000000.0,2340000000.0,2490000000.0,2530000000.0,2570000000.0,2650000000.0,2750000000.0,2660000000.0,2630000000.0,2620000000.0
98,130,LTU,Lithuania,country,355.0,20300000000.0,22000000000.0,23700000000.0,23400000000.0,24300000000.0,25800000000.0,27600000000.0,30500000000.0,32500000000.0,35000000000.0,37600000000.0,41800000000.0,42900000000.0,36500000000.0,37100000000.0,39400000000.0,40900000000.0,42300000000.0,43800000000.0,44700000000.0,45800000000.0,47800000000.0,49700000000.0,51800000000.0
99,131,LUX,Luxembourg,country,355.0,31000000000.0,32700000000.000004,34700000000.0,37700000000.0,40800000000.0,41800000000.0,43400000000.0,44100000000.0,45700000000.0,47200000000.0,49600000000.0,53700000000.0,53100000000.0,50700000000.0,53200000000.0,54600000000.0,54400000000.0,56400000000.0,58800000000.0,61300000000.0,64099999999.99999,65300000000.0,67300000000.0,68800000000.0
100,132,LVA,Latvia,country,355.0,13100000000.0,14300000000.0,15200000000.0,15600000000.0,16500000000.0,17500000000.0,18800000000.0,20400000000.0,22100000000.0,24400000000.0,27400000000.0,30100000000.0,29100000000.0,25000000000.0,23900000000.0,25400000000.0,26500000000.0,27100000000.0,27400000000.0,28500000000.0,29200000000.0,30100000000.0,31300000000.0,32000000000.0
101,134,MAR,Morocco,country,352.0,52900000000.0,52100000000.0,55800000000.0,56400000000.0,57500000000.0,61700000000.0,63700000000.0,67500000000.0,70700000000.0,73000000000.0,78500000000.0,81300000000.0,86100000000.0,89800000000.0,93200000000.0,98100000000.0,101000000000.0,106000000000.0,108000000000.0,113000000000.0,115000000000.0,119000000000.0,123000000000.0,126000000000.0
102,135,MDA,Moldova,country,355.0,4510000000.0,4590000000.0,4290000000.0,4139999999.9999995,4230000000.0000005,4490000000.0,4840000000.0,5160000000.0,5540000000.0,5950000000.0,6240000000.0,6430000000.0,6930000000.0,6510000000.0,6970000000.0,7380000000.0,7340000000.0,8000000000.0,8400000000.0,8369999999.999999,8740000000.0,9150000000.0,9550000000.0,9890000000.0
103,136,MDG,Madagascar,country,352.0,6560000000.0,6800000000.0,7070000000.0,7400000000.0,7730000000.0,8199999999.999999,7180000000.0,7880000000.0,8300000000.000001,8690000000.0,9160000000.0,9680000000.0,10300000000.0,9920000000.0,9980000000.0,10100000000.0,10400000000.0,10700000000.0,11000000000.0,11400000000.0,11800000000.0,12300000000.0,12700000000.0,13300000000.0
104,137,MDV,Maldives,country,353.0,1260000000.0,1370000000.0,1470000000.0,1560000000.0,1620000000.0,1560000000.0,1670000000.0,1900000000.0,2009999999.9999998,1750000000.0,2210000000.0,2380000000.0,2600000000.0,2410000000.0,2590000000.0,2810000000.0,2880000000.0,3090000000.0,3320000000.0,3410000000.0,3630000000.0,3890000000.0,4210000000.0,4500000000.0
105,138,MEX,Mexico,country,356.0,755000000000.0,807000000000.0,849000000000.0,872000000000.0,915000000000.0,912000000000.0,911000000000.0,924000000000.0,961000000000.0,983000000000.0,1180000000.0,1267500000.0,1373000000.0,1280000000.0,1375000000.0,1484500000.0,1518000000.0,1626000000.0,1740000000.0,1786500000.0,1897500000.0,2030000000.0,2193000000.0,2344000000.0
106,139,MHL,Marshall Islands,country,354.0,144000000.0,135000000.0,134000000.0,132000000.0,134000000.0,143000000.0,149000000.0,146000000.0,148000000.0,151000000.0,150000000.0,155000000.0,146000000.0,150000000.0,160000000.0,159000000.0,156000000.0,162000000.0,160000000.0,163000000.0,165000000.0,170000000.0,176000000.0,188000000.0
107,140,MKD,North Macedonia,country,355.0,6140000000.0,6230000000.0,6440000000.0,6720000000.0,7020000000.0,6810000000.0,6910000000.0,7060000000.0,7390000000.0,7740000000.0,8140000000.000001,8670000000.0,9140000000.0,9110000000.0,9410000000.0,9630000000.0,9590000000.0,9870000000.0,10200000000.0,10600000000.0,10900000000.0,11000000000.0,11400000000.0,11700000000.0
108,141,MLI,Mali,country,352.0,5100000000.0,5350000000.0,5750000000.0,6080000000.0,6080000000.0,7010000000.0,7230000000.0,7890000000.0,8010000000.0,8529999999.999999,8930000000.0,9240000000.0,9680000000.0,10100000000.0,10700000000.0,11000000000.0,10900000000.0,11200000000.0,12000000000.0,12700000000.0,13500000000.0,14200000000.0,14900000000.0,15600000000.0
109,142,MLT,Malta,country,355.0,5130000000.0,5400000000.0,5670000000.0,5940000000.0,7110000000.0,7030000000.0,7210000000.0,7500000000.0,7510000000.0,7770000000.0,7960000000.0,8340000000.0,8660000000.0,8560000000.000001,9040000000.0,9080000000.0,9450000000.0,9970000000.0,10700000000.0,11800000000.0,12200000000.0,13200000000.0,13900000000.0,14700000000.0
110,143,MMR,Myanmar,country,353.0,11800000000.0,12400000000.0,13200000000.0,14600000000.0,16600000000.000002,18500000000.0,20700000000.0,23600000000.0,26800000000.0,30400000000.0,34400000000.0,38600000000.0,42500000000.0,47000000000.0,51500000000.0,54400000000.0,58400000000.0,63300000000.0,68400000000.00001,73100000000.0,77400000000.0,82300000000.0,87900000000.0,89400000000.0
111,144,MNE,Montenegro,country,355.0,7615000000.0,3060000000.0,3210000000.0,2910000000.0,3000000000.0,3030000000.0,3090000000.0,3160000000.0,3300000000.0,3440000000.0,3740000000.0,3990000000.0,4280000000.0000005,4030000000.0000005,4139999999.9999995,4280000000.0000005,4160000000.0,4310000000.0,4380000000.0,4530000000.0,4670000000.0,4890000000.0,5140000000.0,5340000000.0
112,145,MNG,Mongolia,country,353.0,3430000000.0,3560000000.0,3680000000.0,3790000000.0,3840000000.0,3950000000.0,4139999999.9999995,4430000000.0,4900000000.0,5250000000.0,5700000000.0,6290000000.0,6850000000.0,6760000000.0,7190000000.0,8430000000.0,9470000000.0,10600000000.0,11400000000.0,11700000000.0,11800000000.0,12400000000.0,13300000000.0,14000000000.0
113,146,MNP,Northern Mariana Islands,country,354.0,3570000000.0,3845000000.0,4110000000.0,4430000000.0,4485000000.0,4850000000.0,1460000000.0,1460000000.0,1420000000.0,1240000000.0,1150000000.0,1070000000.0000001,956000000.0,788000000.0,799000000.0,740000000.0,746000000.0,766000000.0,798000000.0,825000000.0,1070000000.0000001,1310000000.0,1060000000.0,941000000.0
114,147,MOZ,Mozambique,country,352.0,3710000000.0,4130000000.0,4540000000.0,5070000000.0,5130000000.0,5750000000.0,6290000000.0,6720000000.0,7250000000.0,7730000000.0,8480000000.0,9140000000.0,9810000000.0,10400000000.0,11100000000.0,11900000000.0,12800000000.0,13700000000.0,14700000000.0,15700000000.0,16300000000.0,16899999999.999998,17500000000.0,17900000000.0
115,148,MRT,Mauritania,country,352.0,3950000000.0,3790000000.0,3890000000.0,4030000000.0000005,3880000000.0,3850000000.0,3900000000.0,4170000000.0,4370000000.0,4740000000.0,5610000000.0,5500000000.0,5480000000.0,5490000000.0,5630000000.0,5860000000.0,6130000000.0,6380000000.0,6650000000.0,7010000000.0,7100000000.0,7350000000.0,7500000000.0,7950000000.0
116,151,MUS,Mauritius,country,352.0,5400000000.0,5710000000.0,6050000000.0,6210000000.0,6720000000.0,6950000000.0,7060000000.0,7480000000.0,7800000000.0,7940000000.0,8330000000.0,8800000000.0,9280000000.0,9580000000.0,10000000000.0,10400000000.0,10800000000.0,11100000000.0,11600000000.0,12000000000.0,12400000000.0,12900000000.0,13400000000.0,13800000000.0
117,152,MWI,Malawi,country,352.0,3880000000.0,4019999999.9999995,4179999999.9999995,4310000000.0,4380000000.0,4160000000.0,4230000000.0000005,4470000000.0,4710000000.0,4870000000.0,5100000000.0,5580000000.0,6010000000.0,6510000000.0,6960000000.0,7300000000.0,7440000000.0,7820000000.0,8270000000.0,8500000000.0,8710000000.0,9060000000.0,9460000000.0,10000000000.0
118,153,MYS,Malaysia,country,353.0,141000000000.0,152000000000.0,141000000000.0,149000000000.0,163000000000.0,163000000000.0,172000000000.0,182000000000.0,194000000000.0,205000000000.0,216000000000.0,230000000000.0,241000000000.0,237000000000.0,255000000000.0,269000000000.0,283000000000.0,297000000000.0,314000000000.0,330000000000.0,345000000000.0,365000000000.0,382000000000.0,399000000000.0
119,155,NAM,Namibia,country,352.0,6330000000.0,6600000000.0,6820000000.0,7050000000.0,7300000000.0,7380000000.0,7730000000.0,8060000000.000001,9050000000.0,9280000000.0,9940000000.0,10500000000.0,10700000000.0,10800000000.0,11400000000.0,12000000000.0,12600000000.0,13300000000.0,14100000000.0,14700000000.0,14800000000.0,14600000000.0,14800000000.0,14700000000.0
120,157,NER,Niger,country,352.0,4420000000.0,4490000000.0,4930000000.0,4920000000.0,4860000000.0,5220000000.0,5470000000.0,5590000000.0,5610000000.0,6020000000.0,6380000000.0,6580000000.0,7090000000.0,7230000000.0,7850000000.0,8039999999.999999,8880000000.0,9360000000.0,9980000000.0,10400000000.0,11000000000.0,11600000000.0,12400000000.0,13100000000.0
121,159,NGA,Nigeria,country,352.0,151000000000.0,155000000000.0,159000000000.0,160000000000.0,168000000000.0,178000000000.0,206000000000.0,221000000000.0,241000000000.0,257000000000.0,272000000000.0,290000000000.0,310000000000.0,335000000000.0,361000000000.0,381000000000.0,397000000000.0,423000000000.0,450000000000.0,462000000000.0,454000000000.0,458000000000.0,467000000000.0,477000000000.0
122,160,NIC,Nicaragua,country,356.0,5460000000.0,5680000000.0,5890000000.0,6300000000.0,6560000000.0,6760000000.0,6810000000.0,6980000000.0,7350000000.0,7660000000.0,7980000000.0,8390000000.000001,8670000000.0,8390000000.000001,8760000000.0,9310000000.0,9920000000.0,10400000000.0,10900000000.0,11400000000.0,11900000000.0,12500000000.0,12100000000.0,11600000000.0
123,162,NLD,Netherlands,country,355.0,619000000000.0,646000000000.0,676000000000.0,710000000000.0,740000000000.0,757000000000.0,758000000000.0,760000000000.0,775000000000.0,790000000000.0,818000000000.0,849000000000.0,867000000000.0,835000000000.0,847000000000.0,860000000000.0,851000000000.0,850000000000.0,862000000000.0,879000000000.0,898000000000.0,924000000000.0,946000000000.0,962000000000.0
124,163,NOR,Norway,country,355.0,322000000000.0,339000000000.0,348000000000.0,355000000000.0,367000000000.0,374000000000.0,380000000000.0,383000000000.0,398000000000.0,409000000000.0,419000000000.0,431000000000.0,433000000000.0,426000000000.0,429000000000.0,433000000000.0,445000000000.0,449000000000.0,458000000000.0,467000000000.0,472000000000.0,483000000000.0,489000000000.0,493000000000.0
125,164,NPL,Nepal,country,353.0,9080000000.0,9540000000.0,9830000000.0,10300000000.0,10900000000.0,11400000000.0,11400000000.0,11900000000.0,12400000000.0,12900000000.0,13300000000.0,13800000000.0,14600000000.0,15300000000.0,16000000000.0,16600000000.000002,17300000000.0,17900000000.0,19000000000.0,19700000000.0,19800000000.0,21600000000.0,23200000000.0,24800000000.0
126,165,NRU,Nauru,country,354.0,55040000000.0,56770000000.0,56915000000.0,60150000000.0,61950000000.0,64200000000.0,67200000000.0,69950000000.0,39200000.0,39200000.0,41600000.0,32100000.0,39200000.0,42800000.0,47600000.0,52300000.0,58300000.0,76100000.0,96300000.0,99900000.0,103000000.0,97500000.0,103000000.0,103000000.0
127,166,NZL,New Zealand,country,354.0,101000000000.0,104000000000.0,104000000000.0,110000000000.0,113000000000.0,117000000000.0,123000000000.0,128000000000.0,133000000000.0,138000000000.0,142000000000.0,146000000000.0,145000000000.0,144000000000.0,147000000000.0,150000000000.0,153000000000.0,157000000000.0,163000000000.0,169000000000.0,176000000000.0,182000000000.0,188000000000.0,191000000000.0
128,167,OMN,Oman,country,353.0,36400000000.0,38600000000.0,39700000000.0,39800000000.0,42400000000.0,44300000000.0,43800000000.0,42700000000.0,43200000000.0,44300000000.0,46700000000.0,48700000000.0,52700000000.0,56000000000.0,56900000000.0,58400000000.0,63700000000.0,67000000000.0,67900000000.00001,71100000000.0,74700000000.0,75000000000.0,75700000000.0,75000000000.0
129,168,PAK,Pakistan,country,353.0,104000000000.0,105000000000.0,108000000000.0,112000000000.0,117000000000.0,121000000000.0,124000000000.0,131000000000.0,141000000000.0,150000000000.0,159000000000.0,167000000000.0,170000000000.0,174000000000.0,177000000000.0,182000000000.0,188000000000.0,197000000000.0,206000000000.0,216000000000.0,228000000000.0,240000000000.0,254000000000.0,257000000000.0
130,169,PAN,Panama,country,356.0,13600000000.0,14500000000.0,15600000000.0,16200000000.0,16600000000.000002,16700000000.0,17100000000.000002,17800000000.0,19200000000.0,20600000000.0,22300000000.0,25000000000.0,27500000000.0,27800000000.0,29400000000.0,32799999999.999996,36000000000.0,38500000000.0,40400000000.0,42700000000.0,44800000000.0,47300000000.0,49100000000.0,50500000000.0
131,173,PER,Peru,country,357.0,77600000000.0,82600000000.0,82300000000.0,83500000000.0,85800000000.0,86300000000.0,91000000000.0,94800000000.0,99500000000.0,106000000000.0,114000000000.0,123000000000.0,135000000000.0,136000000000.0,148000000000.0,157000000000.0,166000000000.0,176000000000.0,180000000000.0,186000000000.0,194000000000.0,199000000000.0,206000000000.0,211000000000.0
132,174,PHL,Philippines,country,353.0,116000000000.0,122000000000.0,121000000000.0,125000000000.0,130000000000.0,134000000000.0,139000000000.0,146000000000.0,156000000000.0,163000000000.0,172000000000.0,183000000000.0,191000000000.0,194000000000.0,208000000000.0,216000000000.0,231000000000.0,247000000000.0,263000000000.0,279000000000.0,299000000000.0,320000000000.0,340000000000.0,361000000000.0
133,175,PLW,Palau,country,354.0,63250000000.0,66050000000.0,65335000000.0,67425000000.0,178000000.0,190000000.0,197000000.0,190000000.0,200000000.0,207000000.0,207000000.0,211000000.0,199000000.0,186000000.0,186000000.0,198000000.0,202000000.0,195000000.0,207000000.0,223000000.0,223000000.0,218000000.0,227000000.0,217000000.0
134,176,PNG,Papua New Guinea,country,354.0,10500000000.0,10100000000.0,9670000000.0,9850000000.0,9610000000.0,9600000000.0,9580000000.0,9790000000.0,10100000000.0,10700000000.0,11300000000.0,12200000000.0,12100000000.0,12900000000.0,14300000000.0,14400000000.0,15100000000.0,15700000000.0,17800000000.0,18900000000.0,20000000000.0,20700000000.0,20600000000.0,21800000000.0
135,177,POL,Poland,country,355.0,268000000000.0,286000000000.0,299000000000.0,313000000000.0,327000000000.0,331000000000.0,338000000000.0,350000000000.0,367000000000.0,380000000000.0,403000000000.0,432000000000.0,450000000000.0,463000000000.0,480000000000.0,503000000000.0,509000000000.0,515000000000.0,532000000000.0,555000000000.0,572000000000.0,600000000000.0,632000000000.0,661000000000.0
136,179,PRT,Portugal,country,355.0,187000000000.0,196000000000.0,205000000000.0,213000000000.0,221000000000.0,226000000000.0,227000000000.0,225000000000.0,229000000000.0,231000000000.0,235000000000.0,241000000000.0,241000000000.0,234000000000.0,238000000000.0,234000000000.0,224000000000.0,222000000000.0,224000000000.0,228000000000.0,233000000000.0,241000000000.0,248000000000.0,254000000000.0
137,180,PRY,Paraguay,country,357.0,18900000000.0,19700000000.0,19700000000.0,19500000000.0,19000000000.0,18800000000.0,18800000000.0,19700000000.0,20500000000.0,20900000000.0,21900000000.0,23100000000.0,24600000000.0,24500000000.0,27200000000.0,28400000000.0,28200000000.0,30500000000.0,32200000000.000004,33100000000.0,34500000000.0,36200000000.0,37300000000.0,37200000000.0
138,181,PSE,Palestine,country,353.0,4790000000.0,5490000000.0,6280000000.0,6800000000.0,6220000000.0,5640000000.0,4940000000.0,5630000000.0,6860000000.0,7640000000.0,7560000000.0,7850000000.0,8430000000.0,9150000000.0,9680000000.0,10600000000.0,11300000000.0,11800000000.0,11800000000.0,12200000000.0,13300000000.0,13500000000.0,13600000000.0,13800000000.0
139,183,QAT,Qatar,country,353.0,60395000000.0,57745000000.0,57140000000.0,56900000000.0,36000000000.0,37400000000.0,40100000000.0,41600000000.0,49600000000.0,53400000000.0,67300000000.0,79400000000.0,93500000000.0,105000000000.0,125000000000.0,142000000000.0,149000000000.0,157000000000.0,165000000000.0,173000000000.0,178000000000.0,176000000000.0,178000000000.0,179000000000.0
140,185,ROU,Romania,country,355.0,116000000000.0,110000000000.0,108000000000.0,107000000000.0,110000000000.0,116000000000.0,122000000000.0,125000000000.0,138000000000.0,145000000000.0,156000000000.0,168000000000.0,183000000000.0,173000000000.0,166000000000.0,169000000000.0,173000000000.0,179000000000.0,186000000000.0,191000000000.0,200000000000.0,215000000000.0,225000000000.0,234000000000.0
141,187,RWA,Rwanda,country,352.0,1990000000.0,2260000000.0,2460000000.0,2570000000.0,2780000000.0,3020000000.0,3420000000.0,3490000000.0,3760000000.0,4110000000.0000005,4490000000.0,4830000000.0,5370000000.0,5700000000.0,6120000000.0,6610000000.0,7180000000.0,7520000000.0,7980000000.0,8690000000.0,9210000000.0,9570000000.0,10400000000.0,11400000000.0
142,188,SAU,Saudi Arabia,country,353.0,359000000000.0,363000000000.0,373000000000.0,359000000000.0,379000000000.0,375000000000.0,364000000000.0,405000000000.0,437000000000.0,462000000000.0,474000000000.0,483000000000.0,513000000000.0,503000000000.0,528000000000.0,581000000000.0,612000000000.0,629000000000.0,652000000000.0,679000000000.0,690000000000.0,685000000000.0,702000000000.0,704000000000.0
143,190,SDN,Sudan,country,352.0,26900000000.0,29800000000.0,31100000000.0,32000000000.0,34100000000.0,36300000000.0,38600000000.0,41600000000.0,43200000000.0,46400000000.0,51100000000.0,57000000000.0,61400000000.0,63400000000.0,65599999999.99999,65599999999.99999,66099999999.99999,70600000000.0,75500000000.0,78600000000.0,81400000000.0,85200000000.0,87600000000.0,86400000000.0
144,191,SEN,Senegal,country,352.0,9590000000.0,9890000000.0,10500000000.0,11100000000.0,11600000000.0,12100000000.0,12100000000.0,12700000000.0,13300000000.0,13900000000.0,14200000000.0,14600000000.0,15200000000.0,15600000000.0,16100000000.000002,16300000000.0,17000000000.0,17400000000.0,18500000000.0,19700000000.0,20900000000.0,22500000000.0,23900000000.0,24900000000.0
145,192,SGP,Singapore,country,353.0,112000000000.0,121000000000.0,118000000000.0,125000000000.0,136000000000.0,135000000000.0,140000000000.0,147000000000.0,161000000000.0,173000000000.0,188000000000.0,205000000000.0,209000000000.0,209000000000.0,240000000000.0,255000000000.0,266000000000.0,279000000000.0,290000000000.0,299000000000.0,309000000000.0,323000000000.0,334000000000.0,339000000000.0
146,195,SLB,Solomon Islands,country,354.0,714000000.0,708000000.0,717000000.0,713000000.0,611000000.0,563000000.0,547000000.0,583000000.0,621000000.0,656000000.0,688000000.0,718000000.0,760000000.0,780000000.0,847000000.0,908000000.0,925000000.0,975000000.0,985000000.0,999000000.0,1060000000.0,1110000000.0,1160000000.0,1170000000.0
147,196,SLE,Sierra Leone,country,352.0,1380000000.0,1300000000.0,1330000000.0,1300000000.0,1390000000.0,1300000000.0,1640000000.0,1790000000.0,1910000000.0,2000000000.0,2080000000.0,2250000000.0,2370000000.0,2450000000.0,2580000000.0,2740000000.0,3160000000.0,3810000000.0,3980000000.0,3160000000.0,3360000000.0,3500000000.0,3620000000.0,3820000000.0
148,197,SLV,El Salvador,country,356.0,14300000000.0,14800000000.0,15200000000.0,15500000000.0,15700000000.0,15800000000.0,16100000000.000002,16300000000.0,16500000000.0,16899999999.999998,17700000000.0,18000000000.0,18500000000.0,18100000000.0,18400000000.0,19200000000.0,19700000000.0,20100000000.0,20500000000.0,21000000000.0,21500000000.0,22000000000.0,22500000000.0,23100000000.0
149,198,SMR,San Marino,country,355.0,19550000000.0,1420000000.0,1530000000.0,1670000000.0,1700000000.0,1800000000.0,1800000000.0,1870000000.0,1960000000.0,2009999999.9999998,2080000000.0,2230000000.0,2220000000.0,1990000000.0,1880000000.0,1720000000.0,1600000000.0,1590000000.0,1580000000.0,1620000000.0,1650000000.0,1660000000.0,1680000000.0,1720000000.0
150,201,SRB,Serbia,country,355.0,24800000000.0,26600000000.0,27500000000.0,24900000000.0,26400000000.0,28300000000.0,30100000000.0,31400000000.0,34200000000.000004,36100000000.0,38000000000.0,40400000000.0,42700000000.0,41500000000.0,41800000000.0,42700000000.0,42400000000.0,43600000000.0,42900000000.0,43700000000.0,45100000000.0,46100000000.0,48200000000.0,50200000000.0
151,202,SSD,South Sudan,country,352.0,17360000000.0,18606666666.666668,19226666666.666668,17480000000.0,18500000000.0,14211000000.0,15112500000.0,15766500000.0,17169000000.000002,18124000000.0,19080500000.0,20283000000.0,13200000000.0,13800000000.0,14600000000.0,13900000000.0,7510000000.0,8490000000.0,8780000000.0,7830000000.0,22678000000.0,23183000000.0,24237000000.0,25240000000.0
152,203,STP,Sao Tome and Principe,country,352.0,9920000000.0,10613333333.333334,10953333333.333334,10060000000.0,10600000000.0,122000000.0,125000000.0,133000000.0,138000000.0,148000000.0,161000000.0,166000000.0,180000000.0,184000000.0,197000000.0,205000000.0,212000000.0,222000000.0,236000000.0,246000000.0,256000000.0,266000000.0,274000000.0,280000000.0
153,205,SUR,Suriname,country,357.0,2480000000.0,2620000000.0,2680000000.0,2640000000.0,2700000000.0,2810000000.0,2890000000.0,3070000000.0,3330000000.0,3480000000.0,3680000000.0,3870000000.0,4030000000.0000005,4150000000.0000005,4370000000.0,4620000000.0,4750000000.0,4890000000.0,4900000000.0,4730000000.0,4500000000.0,4570000000.0,4800000000.0,4850000000.0
154,207,SVN,Slovenia,country,355.0,31100000000.0,32700000000.000004,33700000000.000004,35500000000.0,36800000000.0,38000000000.0,39400000000.0,40500000000.0,42300000000.0,43900000000.0,46400000000.0,49700000000.0,51400000000.0,47500000000.0,48200000000.0,48600000000.0,47300000000.0,46800000000.0,48100000000.0,49200000000.0,50700000000.0,53200000000.0,55500000000.0,57300000000.0
155,208,SWE,Sweden,country,355.0,340000000000.0,350000000000.0,365000000000.0,381000000000.0,399000000000.0,405000000000.0,413000000000.0,423000000000.0,441000000000.0,454000000000.0,475000000000.0,491000000000.0,489000000000.0,468000000000.0,496000000000.0,512000000000.0,509000000000.0,515000000000.0,528000000000.0,552000000000.0,564000000000.0,578000000000.0,589000000000.0,597000000000.0
156,209,SWZ,Eswatini,country,352.0,2830000000.0,2920000000.0,2990000000.0,3080000000.0,3130000000.0,3170000000.0,3310000000.0,3430000000.0,3560000000.0,3770000000.0,4000000000.0,4179999999.9999995,4210000000.0,4280000000.0000005,4440000000.0,4540000000.0,4780000000.0,4970000000.0,5010000000.0,5120000000.0,5180000000.0,5290000000.0,5410000000.0,5530000000.0
157,211,SYC,Seychelles,country,352.0,633000000.0,709000000.0,768000000.0,782000000.0,794000000.0,776000000.0,786000000.0,739000000.0,718000000.0,783000000.0,857000000.0,946000000.0,926000000.0,915000000.0,970000000.0,1050000000.0,1060000000.0,1120000000.0,1170000000.0,1230000000.0,1290000000.0,1350000000.0,1370000000.0,1390000000.0
158,213,TCA,Turks and Caicos Islands,country,356.0,2051500000.0,2189500000.0,2344000000.0,2341000000.0,2327000000.0,2543000000.0,2733000000.0,3054500000.0,3944000000.0,4601500000.0,4663500000.0,4848000000.0,4968000000.0,5157500000.0,687000000.0,5875000000.0,6330000000.0,6710000000.0,7135000000.0,7365000000.0,6995000000.0,6825000000.0,6985000000.0,7195000000.0
159,214,TCD,Chad,country,352.0,3470000000.0,3670000000.0,3920000000.0,3900000000.0,3860000000.0,4310000000.0,4680000000.0,5370000000.0,7170000000.0,8420000000.0,8470000000.000001,8750000000.0,9010000000.0,9400000000.0,10700000000.0,10700000000.0,11600000000.0,12300000000.0,13100000000.0,13500000000.0,12700000000.0,12300000000.0,12600000000.0,13000000000.0
160,215,TGO,Togo,country,352.0,2420000000.0,2770000000.0,2710000000.0,2770000000.0,2750000000.0,2770000000.0,2880000000.0,3070000000.0,3040000000.0,2900000000.0,2980000000.0,2940000000.0,3060000000.0,3230000000.0,3430000000.0,3650000000.0,3890000000.0,4130000000.0,4370000000.0,4620000000.0,4880000000.0,5090000000.0,5340000000.0,5630000000.0
161,216,THA,Thailand,country,353.0,222000000000.0,216000000000.0,199000000000.0,208000000000.0,218000000000.0,225000000000.0,239000000000.0,256000000000.0,272000000000.0,284000000000.0,298000000000.0,314000000000.0,319000000000.0,317000000000.0,341000000000.0,344000000000.0,369000000000.0,379000000000.0,383000000000.0,395000000000.0,408000000000.0,425000000000.0,443000000000.0,453000000000.0
162,217,TJK,Tajikistan,country,353.0,2150000000.0,2180000000.0,2300000000.0,2380000000.0,2580000000.0,2830000000.0,3140000000.0,3480000000.0,3840000000.0,4099999999.9999995,4380000000.0,4730000000.0,5100000000.0,5300000000.0,5640000000.0,6060000000.0,6510000000.0,7000000000.0,7460000000.0,7910000000.0,8460000000.000001,9060000000.0,9750000000.0,10500000000.0
163,219,TKM,Turkmenistan,country,353.0,9220000000.0,8170000000.0,8750000000.0,10200000000.0,10800000000.0,11200000000.0,11200000000.0,11600000000.0,12200000000.0,13800000000.0,15300000000.0,17000000000.0,19500000000.0,20700000000.0,22600000000.0,25900000000.0,28800000000.0,31700000000.0,35000000000.0,37300000000.0,39600000000.0,42100000000.0,44700000000.0,47600000000.0
164,220,TLS,Timor-Leste,country,353.0,4765000000.0,4242000000.0,4536000000.0,5267000000.0,567000000.0,659000000.0,615000000.0,602000000.0,604000000.0,622000000.0,597000000.0,658000000.0,732000000.0,806000000.0,882000000.0,933000000.0,989000000.0,1010000000.0,1060000000.0,1090000000.0,1120000000.0,1080000000.0,1060000000.0,1260000000.0
165,221,TON,Tonga,country,354.0,310000000.0,314000000.0,322000000.0,334000000.0,337000000.0,349000000.0,366000000.0,375000000.0,366000000.0,366000000.0,365000000.0,366000000.0,384000000.0,364000000.0,367000000.0,392000000.0,395000000.0,396000000.0,404000000.0,409000000.0,436000000.0,450000000.0,452000000.0,455000000.0
166,222,TTO,Trinidad and Tobago,country,356.0,9240000000.0,9930000000.0,10700000000.0,11600000000.0,12400000000.0,12900000000.0,13900000000.0,16000000000.0,17200000000.0,18300000000.0,20700000000.0,21700000000.0,22400000000.0,21400000000.0,22200000000.0,22100000000.0,22400000000.0,22900000000.0,22700000000.0,23000000000.0,21700000000.0,21100000000.0,21100000000.0,20800000000.0
167,223,TUN,Tunisia,country,352.0,23800000000.0,25000000000.0,26200000000.0,27800000000.0,29100000000.0,30200000000.0,30600000000.0,32100000000.0,34100000000.0,35300000000.0,37100000000.0,39600000000.0,41300000000.0,42600000000.0,44100000000.0,43200000000.0,45000000000.0,46200000000.0,47600000000.0,48100000000.0,48700000000.0,49700000000.0,51000000000.0,51500000000.0
168,224,TUR,Turkey,country,353.0,459000000000.0,494000000000.0,506000000000.0,490000000000.0,524000000000.0,493000000000.0,525000000000.0,556000000000.0,610000000000.0,665000000000.0,711000000000.0,747000000000.0,753000000000.0,717000000000.0,777000000000.0,864000000000.0,905000000000.0,982000000000.0,23817450000.0,24069050000.0,24369600000.0,24870400000.0,25520900000.0,25772950000.0
169,225,TUV,Tuvalu,country,354.0,23400000.0,25800000.0,29800000.0,29300000.0,29000000.0,29500000.0,31800000.0,30700000.0,30300000.0,29200000.0,29800000.0,31700000.0,34200000.0,32700000.000000004,31800000.0,34200000.0,32900000.0,34400000.0,34900000.0,38100000.0,39200000.0,40800000.0,41800000.0,45900000.0
170,226,TZA,Tanzania,country,352.0,14400000000.0,14900000000.0,15500000000.0,16300000000.0,17000000000.0,18000000000.0,19300000000.0,20600000000.0,22100000000.0,23800000000.0,25300000000.0,27100000000.0,28600000000.0,30100000000.0,32000000000.0,34500000000.0,36000000000.0,38500000000.0,41100000000.0,43600000000.0,46600000000.0,49700000000.0,52400000000.0,55500000000.0
171,227,UGA,Uganda,country,352.0,10600000000.0,11200000000.0,11700000000.0,12600000000.0,13000000000.0,13700000000.0,14900000000.0,15900000000.0,17000000000.0,18000000000.0,20000000000.0,21700000000.0,23500000000.0,25100000000.0,26600000000.0,29100000000.0,30200000000.0,31300000000.0,32799999999.999996,34500000000.0,36200000000.0,37600000000.0,39900000000.0,42600000000.0
172,228,UKR,Ukraine,country,355.0,88900000000.0,86200000000.0,84600000000.0,84400000000.0,89400000000.0,97600000000.0,103000000000.0,113000000000.0,126000000000.0,130000000000.0,140000000000.0,150000000000.0,154000000000.0,131000000000.0,136000000000.0,143000000000.0,144000000000.0,144000000000.0,134000000000.0,121000000000.0,124000000000.0,127000000000.0,131000000000.0,136000000000.0
173,230,URY,Uruguay,country,357.0,27400000000.0,29700000000.0,31100000000.0,30500000000.0,29900000000.0,28700000000.0,26500000000.0,26700000000.0,28100000000.0,30200000000.0,31400000000.0,33400000000.0,35800000000.0,37400000000.0,40300000000.0,42400000000.0,43900000000.0,45900000000.0,47400000000.0,47600000000.0,48400000000.0,49200000000.0,49400000000.0,49600000000.0
174,232,UZB,Uzbekistan,country,353.0,20300000000.0,21400000000.0,22300000000.0,23200000000.0,24100000000.0,25100000000.0,26100000000.0,27200000000.0,29300000000.0,31300000000.0,33600000000.0,36800000000.0,40200000000.0,43400000000.0,46700000000.0,50300000000.0,54000000000.0,58100000000.0,62300000000.0,66900000000.00001,71000000000.0,74200000000.0,78200000000.0,82800000000.0
175,236,VEN,Venezuela,country,357.0,278000000000.0,296000000000.0,296000000000.0,279000000000.0,289000000000.0,299000000000.0,272000000000.0,251000000000.0,297000000000.0,328000000000.0,360000000000.0,392000000000.0,412000000000.0,399000000000.0,393000000000.0,410000000000.0,433000000000.0,438000000000.0,421000000000.0,1944000000.0,1971000000.0,1964500000.0,1992500000.0,67506000000.0
176,238,VIR,Virgin Islands (U.S.),country,356.0,162900000000.0,173850000000.0,175350000000.0,168150000000.0,175050000000.0,181950000000.0,3980000000.0,3970000000.0,4080000000.0,4230000000.0000005,4390000000.0,4560000000.0,4610000000.0,4300000000.0,4340000000.0,3990000000.0,3390000000.0,3190000000.0,3160000000.0,3170000000.0,3210000000.0,3190000000.0,3230000000.0,134253000000.0
177,239,VNM,Vietnam,country,353.0,47800000000.0,51700000000.0,54700000000.0,57300000000.0,61100000000.0,64900000000.00001,69000000000.0,73800000000.0,79400000000.0,85400000000.0,91300000000.0,97800000000.0,103000000000.0,109000000000.0,116000000000.0,123000000000.0,130000000000.0,137000000000.0,145000000000.0,155000000000.0,164000000000.0,175000000000.0,188000000000.0,201000000000.0
178,240,VUT,Vanuatu,country,354.0,462000000.0,485000000.0,491000000.0,492000000.0,522000000.0,504000000.0,478000000.0,498000000.0,518000000.0,546000000.0,592000000.0,609000000.0,643000000.0,662000000.0,671000000.0,692000000.0,699000000.0,702000000.0,724000000.0,727000000.0,761000000.0,809000000.0,832000000.0,859000000.0
179,242,WSM,Samoa,country,354.0,443000000.0,446000000.0,456000000.0,466000000.0,498000000.0,533000000.0,556000000.0,581000000.0,608000000.0,633000000.0,646000000.0,686000000.0,693000000.0,660000000.0,663000000.0,691000000.0,663000000.0,660000000.0,660000000.0,689000000.0,744000000.0,752000000.0,736000000.0,763000000.0
180,243,YEM,Yemen,country,353.0,16600000000.000002,17400000000.0,18500000000.0,19200000000.0,20300000000.0,21100000000.0,22000000000.0,22800000000.0,23700000000.0,25000000000.0,25800000000.0,26700000000.0,27600000000.0,28700000000.0,30900000000.0,27000000000.0,27600000000.0,29000000000.0,28900000000.0,20800000000.0,18900000000.0,17900000000.0,18000000000.0,215381500000.0
181,246,ZAF,South Africa,country,352.0,243000000000.0,249000000000.0,250000000000.0,256000000000.0,267000000000.0,274000000000.0,284000000000.0,293000000000.0,306000000000.0,322000000000.0,340000000000.0,359000000000.0,370000000000.0,364000000000.0,375000000000.0,388000000000.0,396000000000.0,406000000000.0,414000000000.0,419000000000.0,420000000000.0,426000000000.0,430000000000.0,430000000000.0
182,247,ZMB,Zambia,country,352.0,8790000000.0,9120000000.0,9090000000.0,9510000000.0,9880000000.0,10400000000.0,10900000000.0,11600000000.0,12400000000.0,13400000000.0,14400000000.0,15600000000.0,16800000000.0,18400000000.0,20300000000.0,21400000000.0,23000000000.0,24200000000.0,25300000000.0,26100000000.0,27000000000.0,28000000000.0,29100000000.0,29500000000.0
183,248,ZWE,Zimbabwe,country,352.0,17000000000.0,17400000000.0,17900000000.0,17800000000.0,17200000000.0,17500000000.0,15900000000.0,13200000000.0,12400000000.0,11700000000.0,11300000000.0,10900000000.0,8980000000.0,10100000000.0,12000000000.0,13800000000.0,16000000000.0,16399999999.999998,16800000000.0,17000000000.0,17200000000.0,18000000000.0,18600000000.0,17100000000.000002
